label,name,notice,furigana
金物・小型電化製品、有害ごみ,アイスピック,危なくないように紙などで包む,あ
金物・小型電化製品、有害ごみ,アイロン台 金属製,大きさに注意,あ
可燃ごみ,アイロン台 木製・布製,大きさに注意,あ
可燃ごみ,アイロン台 プラスチック製,指定袋に入らない大きさで120cm×50cm×30cm以内のものは収集券を貼って埋立ごみの日に出す,あ
収集不可,アコーディオンカーテン,自己搬入のみ受入れ可,あ
金物・小型電化製品、有害ごみ,アタッシュケース,大きさに注意,あ
金物・小型電化製品、有害ごみ,圧力鍋,,あ
収集不可,油(機械油),販売店等へ,あ
空き缶、空きびん、ペットボトル、廃食用油,油(食用油) 植物性油に限る,こぼれないようにペットボトル等に入れ、キャップを閉める,あ
金物・小型電化製品、有害ごみ,油こし器,,あ
可燃ごみ,雨戸 木製,大きさに注意,あ
金物・小型電化製品、有害ごみ,雨戸 金属製,大きさに注意,あ
可燃ごみ,網戸(網),50cm以内に切る,あ
金物・小型電化製品、有害ごみ,網戸(サッシ),大きさに注意,あ
可燃ごみ,編み針・編み棒 竹製・プラスチック製,,あ
金物・小型電化製品、有害ごみ,編み針・編み棒 金属製,,あ
可燃ごみ,洗い桶 木製・プラスチック製,,あ
可燃ごみ,アルバム 紙・布・プラスチック製,分別する,あ
金物・小型電化製品、有害ごみ,アルバム 金属の部分,分別する,あ
金物・小型電化製品、有害ごみ,アルミサッシ,大きさに注意、ガラスのみの場合は埋立ごみへ,あ
収集不可,アルミホイール(車用),販売店等へ,あ
埋立ごみ,アルミホイル・アルミ箔,,あ
金物・小型電化製品、有害ごみ,泡だて器 電動・金属製,,あ
可燃ごみ,泡だて器 プラスチック製,,あ
金物・小型電化製品、有害ごみ,あんか,,あ
金物・小型電化製品、有害ごみ,安全靴 金属製,,あ
可燃ごみ,安全靴 プラスチック(樹脂)製,,あ
金物・小型電化製品、有害ごみ,アンテナ(屋外用),大きさに注意,あ
金物・小型電化製品、有害ごみ,あんま機,大きさに注意,あ
プラスチック製容器包装,育苗ポット [プラ]マークがついている,汚れを落とす,い
可燃ごみ,育苗ポット プラスチック製で[プラ]マークがついていない,,い
可燃ごみ,生け花用スポンジ(オアシス),,い
埋立ごみ,石(少量),大量の場合は自己搬入,い
可燃ごみ,衣装ケース 紙・籐製,長さ50cm以内で指定袋に入らない場合は収集券を貼って出す,い
可燃ごみ,衣装ケース プラスチック製,指定袋に入らない大きさで120cm×50cm×30cm以内のものは収集券を貼って埋立ごみの日に出す,い
金物・小型電化製品、有害ごみ,衣装ケース 金属製,大きさに注意,い
可燃ごみ,椅子 木製の部分,分解する。長さ50cm以内で指定袋に入らない場合は収集券を貼って出す,い
可燃ごみ,椅子 プラスチック製の部分,分解する。指定袋に入らない大きさで120cm×50cm×30cm以内のものは収集券を貼って埋立ごみの日に出す,い
金物・小型電化製品、有害ごみ,椅子 金属製の部分,,い
収集不可,一輪車 運搬用,自己搬入のみ受入れ可,い
金物・小型電化製品、有害ごみ,一輪車 乗車用,,い
空き缶、空きびん、ペットボトル、廃食用油,一升瓶,できるだけ販売店や酒屋の回収へ,い
金物・小型電化製品、有害ごみ,鋳物,大きさに注意,い
金物・小型電化製品、有害ごみ,イヤホン,,い
収集不可,衣類乾燥機,家電リサイクル法による処分,い
可燃ごみ,入れ歯 プラスチック製,,い
金物・小型電化製品、有害ごみ,入れ歯 金属製,できるだけ社会福祉協議会のリサイクル回収へ,い
可燃ごみ,色鉛筆,,い
可燃ごみ,インクカートリッジ,できるだけ販売店等のリサイクル回収へ,い
可燃ごみ,インクリボン,,い
可燃ごみ,ウインドブレーカー,,う
埋立ごみ,植木鉢 陶器製・レンガ製,大きさに注意,う
プラスチック製容器包装,植木鉢 [プラ]マークがついている,汚れを落とす,う
可燃ごみ,植木鉢 プラスチック製で[プラ]マークがついていない,,う
可燃ごみ,ウェットスーツ,,う
空き缶、空きびん、ペットボトル、廃食用油,ウォーターサーバーのボトル 「PET」マークがついている,取手のテープは可燃ごみへ,う
金物・小型電化製品、有害ごみ,ウォシュレット,,う
可燃ごみ,浮き袋(浮き輪),,う
可燃ごみ,うちわ,,う
可燃ごみ,羽毛ふとん,切らずにしっかりしばる,う
可燃ごみ,ウレタンマット,指定袋に入らない大きさで120cm×50cm×30cm以内のものは収集券を貼って埋立ごみの日に出す,う
可燃ごみ,エアクッション,,え
収集不可,エアコン,家電リサイクル法による処分,え
拠点回収,液晶ディスプレイ(パソコン),回収ボックス又はPCリサイクルによる処分,え
収集不可,液晶テレビ,家電リサイクル法による処分,え
埋立ごみ,絵の具の容器 金属製,中身は使い切る,え
プラスチック製容器包装,絵の具の容器 [プラ]マークがついている,汚れが取れない場合は可燃ごみへ,え
可燃ごみ,絵の具の容器 プラスチック製で[プラ]マークがついていない,,え
金物・小型電化製品、有害ごみ,MD,,え
金物・小型電化製品、有害ごみ,MD(レコーダー、プレイヤー),,え
金物・小型電化製品、有害ごみ,LED蛍光灯,,え
埋立ごみ,LED電球,,え
収集不可,LPガスボンベ,販売店等へ,え
金物・小型電化製品、有害ごみ,エレキギター,,え
収集不可,エレクトーン,自己搬入のみ受入れ可,え
金物・小型電化製品、有害ごみ,延長コード,,え
可燃ごみ,鉛筆,,え
金物・小型電化製品、有害ごみ,鉛筆けずり,トレイは可燃ごみ,え
収集不可,オイル,販売店等へ,お
金物・小型電化製品、有害ごみ,オイルヒーター,オイルを抜く、抜けない場合は収集不可(製造メーカーへ連絡),お
可燃ごみ,オーディオラック 木製,大きさに注意、ガラス部分は埋立ごみへ,お
可燃ごみ,オーディオラック プラスチック製,大きさに注意、ガラス部分は埋立ごみへ,お
金物・小型電化製品、有害ごみ,オーディオコンポ,大きさに注意,お
収集不可,オートバイ,二輪車リサイクルによる処分,お
金物・小型電化製品、有害ごみ,おたま 金属製,,お
可燃ごみ,おたま プラスチック製,,お
埋立ごみ,汚泥,水分を切る,お
金物・小型電化製品、有害ごみ,斧,危なくないように紙などで包む,お
可燃ごみ,おむつ,汚物は取り除いてトイレに流す,お
可燃ごみ,おもちゃ 木製,長さ50cm以内で指定袋に入らない場合は収集券を貼って出す,お
可燃ごみ,おもちゃ プラスチック製,指定袋に入らない大きさで120cm×50cm×30cm以内のものは収集券を貼って埋立ごみの日に出す,お
金物・小型電化製品、有害ごみ,おもちゃ 金属製・電動のもの,電池は有害ごみへ、大きさに注意,お
収集不可,オルガン,自己搬入のみ受入れ可,お
金物・小型電化製品、有害ごみ,オルゴール,,お
金物・小型電化製品、有害ごみ,おろし器 金属製,,お
可燃ごみ,おろし器 プラスチック製,,お
埋立ごみ,おろし器 陶器製,,お
金物・小型電化製品、有害ごみ,温度計 金属製・センサー式,,お
金物・小型電化製品、有害ごみ,温度計 水銀を含む,,お
埋立ごみ,温度計 水銀を含まない,,お
金物・小型電化製品、有害ごみ,カーコンポ,,か
可燃ごみ,カーテン,50cm以内に切る、切れない場合は自己搬入,か
可燃ごみ,カード プラスチック製,,か
金物・小型電化製品、有害ごみ,カーナビ,,か
可燃ごみ,カーペット,50cm以内に切る、切れない場合は自己搬入,か
可燃ごみ,カーペットローラー 粘着テープ,,か
金物・小型電化製品、有害ごみ,カーペットローラー 本体,,か
可燃ごみ,カーボン紙,,か
可燃ごみ,貝がら,,か
金物・小型電化製品、有害ごみ,懐中電灯,電球は埋立ごみへ,か
可燃ごみ,カイロ 使い捨てカイロ,,か
金物・小型電化製品、有害ごみ,カイロ 金属製,,か
収集不可,化学薬品,販売店等へ,か
埋立ごみ,鏡,大きさに注意、危なくないように紙などで包む,か
可燃ごみ,額縁 木製,ガラスは埋立ごみへ、木製の場合、長さ50cm以内で指定袋に入らない場合は収集券を貼って出す、プラスチック製で指定袋に入らない大きさで120cm×50cm×30cm以内のものは収集券を貼って埋立ごみの日に出す,か
可燃ごみ,額縁 プラスチック製,ガラスは埋立ごみへ、木製の場合、長さ50cm以内で指定袋に入らない場合は収集券を貼って出す、プラスチック製で指定袋に入らない大きさで120cm×50cm×30cm以内のものは収集券を貼って埋立ごみの日に出す,か
金物・小型電化製品、有害ごみ,額縁 金属製,ガラスは埋立ごみへ、木製の場合、長さ50cm以内で指定袋に入らない場合は収集券を貼って出す、プラスチック製で指定袋に入らない大きさで120cm×50cm×30cm以内のものは収集券を貼って埋立ごみの日に出す,か
可燃ごみ,かご 木製,長さ50cm以内で指定袋に入らない場合は収集券を貼って出す,か
可燃ごみ,かご プラスチック製,指定袋に入らない大きさで120cm×50cm×30cm以内のものは収集券を貼って埋立ごみの日に出す,か
金物・小型電化製品、有害ごみ,かご 金属製,大きさに注意,か
金物・小型電化製品、有害ごみ,傘,,か
金物・小型電化製品、有害ごみ,ガスコンロ,電池は有害ごみへ、大きさに注意,か
金物・小型電化製品、有害ごみ,ガス漏れ警報機,,か
金物・小型電化製品、有害ごみ,カセットコンロ(卓上用),カセットボンベは空き缶へ,か
可燃ごみ,カセットテープ,ケースも可燃ごみへ,か
空き缶、空きびん、ペットボトル、廃食用油,カセットボンベ(卓上用),使い切り、穴を開けずに出す,か
金物・小型電化製品、有害ごみ,カッターの刃,危なくないように紙などで包む,か
可燃ごみ,カッパ(雨具),,か
可燃ごみ,カップめんの容器 [紙]マーク,,か
プラスチック製容器包装,カップめんの容器 [プラ]マークがついている,,か
可燃ごみ,かばん 布)、ナイロン、革製品,金属部分は金物・小型電化製品へ,か
金物・小型電化製品、有害ごみ,かばん 金属部分が外せないもの,,か
金物・小型電化製品、有害ごみ,画鋲(がびょう),危なくないように紙などで包む,か
金物・小型電化製品、有害ごみ,鎌(かま),危なくないように紙などで包む,か
可燃ごみ,紙おむつ,汚物はトイレに流す,か
金物・小型電化製品、有害ごみ,かみそりの刃,危なくないように紙などで包む,か
可燃ごみ,紙粘土,,か
可燃ごみ,紙パック,アルミ付き紙パックはできるだけ酒屋のリサイクル回収へ,か
可燃ごみ,ガムテープ,,か
金物・小型電化製品、有害ごみ,カメラ,電池は有害ごみへ,か
可燃ごみ,カラーボックス 木製,大きさに注意,か
可燃ごみ,カラーボックス プラスチック製,指定袋に入らない大きさで120cm×50cm×30cm以内のものは収集券を貼って埋立ごみの日に出す,か
金物・小型電化製品、有害ごみ,カラオケセット(家庭用),大きさに注意,か
埋立ごみ,ガラス,危なくないように紙などで包む,か
可燃ごみ,革製品(革靴・革ジャン等),着用できるものはリサイクルへ,か
金物・小型電化製品、有害ごみ,皮むき器(ピーラー) 刃が金属製,,か
埋立ごみ,瓦(少量),,か
空き缶、空きびん、ペットボトル、廃食用油,缶 18リットル未満,錆びていてもかまわない,か
金物・小型電化製品、有害ごみ,缶 18リットル以上,,か
金物・小型電化製品、有害ごみ,換気扇,,か
可燃ごみ,換気扇フィルター,,か
金物・小型電化製品、有害ごみ,乾燥機(衣類乾燥機以外),大きさに注意,か
可燃ごみ,乾燥剤,,か
有害ごみ,乾電池,,か
金物・小型電化製品、有害ごみ,カンナ(電気式含む),,か
可燃ごみ,寒冷紗 農業・林業用以外,50cm以内に切る,か
可燃ごみ,キーパー(大型水筒) プラスチック製,,き
金物・小型電化製品、有害ごみ,キーパー(大型水筒) 金属製,,き
金物・小型電化製品、有害ごみ,キーボード(楽器),電池は有害ごみへ、大きさに注意,き
金物・小型電化製品、有害ごみ,キーボード(パソコン用),,き
収集不可,機械油,販売店等へ,き
可燃ごみ,ギター 木製の部分,大きさに注意,き
金物・小型電化製品、有害ごみ,ギター 金属製の部分,,き
金物・小型電化製品、有害ごみ,キッチンスケール(はかり),電池は有害ごみへ,き
金物・小型電化製品、有害ごみ,キッチンタイマー,電池は有害ごみへ,き
可燃ごみ,キッチンマット,50cm以内に切る,き
空き缶、空きびん、ペットボトル、廃食用油,キャップ ボトル缶のフタ,,き
プラスチック製容器包装,キャップ ペットボトルのキャップ,,き
プラスチック製容器包装,キャップ [プラ]マークがついている,,き
金物・小型電化製品、有害ごみ,キャップ 金属製,,き
金物・小型電化製品、有害ごみ,急須 金属製,,き
埋立ごみ,急須 陶器・ガラス製,,き
可燃ごみ,鏡台 木製の部分,分別する、大きさに注意,き
金物・小型電化製品、有害ごみ,鏡台 金属製の部分,,き
埋立ごみ,鏡台 鏡の部分,,き
金物・小型電化製品、有害ごみ,錐(きり),危なくないように紙などで包む,き
金物・小型電化製品、有害ごみ,霧吹き 金属製の部分,,き
可燃ごみ,霧吹き プラスチック製の部分,,き
金物・小型電化製品、有害ごみ,金庫(家庭用) 手さげ金庫,,き
収集不可,金庫(家庭用) 耐火金庫,販売店等へ、大きさにより自己搬入のみ受入れ可能な場合あり:中遠広域粗大ごみ処理施設へ要問合せ,き
金物・小型電化製品、有害ごみ,空気入れ 金属製,,く
可燃ごみ,空気入れ プラスチック製,,く
金物・小型電化製品、有害ごみ,空気清浄機,,く
可燃ごみ,クーラーバッグ,,く
可燃ごみ,クーラーボックス,指定袋に入らない大きさで120cm×50cm×30cm以内のものは収集券を貼って埋立ごみの日に出す,く
金物・小型電化製品、有害ごみ,釘,危なくないように紙などで包む,く
収集不可,草刈機(家庭用),自己搬入のみ受入れ可,く
金物・小型電化製品、有害ごみ,鎖 金属製,,く
可燃ごみ,鎖 プラスチック製,50cm以内に切る,く
プラスチック製容器包装,薬の包装シート(錠剤・カプセル) [プラ]マークがついている,,く
可燃ごみ,薬の包装シート(錠剤・カプセル) [プラ]マークがついていない,,く
空き缶、空きびん、ペットボトル、廃食用油,薬びん(家庭用医薬品) 飲み薬のびん,,く
金物・小型電化製品、有害ごみ,口紅 金属製,中身は使い切る,く
可燃ごみ,口紅 プラスチック製,,く
可燃ごみ,靴,金属装飾は外す、安全靴(爪先が金属製)は金物・小型電化製品へ,く
可燃ごみ,クッション 綿製・スポンジ製,大きさに注意、50cm以内に切る,く
可燃ごみ,首輪(ペット用),金属部分は外して金物・小型電化製品へ,く
可燃ごみ,クリスマスツリー 木製,長さ50cm以内で指定袋に入らない場合は収集券を貼って出す,く
可燃ごみ,クリスマスツリー プラスチック製,指定袋に入らない大きさで120cm×50cm×30cm以内のものは収集券を貼って埋立ごみの日に出す,く
金物・小型電化製品、有害ごみ,クリスマスツリー 金属製,大きさに注意,く
収集不可,車椅子,自己搬入のみ受入れ可,く
可燃ごみ,クレヨン、クーピー,,く
可燃ごみ,グローブ,,く
埋立ごみ,グローランプ(点灯管),,く
金物・小型電化製品、有害ごみ,鍬(くわ),危なくないように紙などで包む,く
有害ごみ,蛍光管,割れていても可,け
可燃ごみ,蛍光ペン,,け
拠点回収,携帯電話,回収ボックス又は販売店等へ,け
金物・小型電化製品、有害ごみ,計量カップ 金属製,,け
可燃ごみ,計量カップ プラスチック製,,け
可燃ごみ,毛皮,,け
可燃ごみ,ゲートボールスティック 木製・プラスチック製,50cm以内に切る,け
埋立ごみ,ゲートボールスティック カーボン製,,け
金物・小型電化製品、有害ごみ,ゲーム機,,け
金物・小型電化製品、有害ごみ,ゲームソフト(カセット) 金属を含むもの,,け
可燃ごみ,ゲームソフト(CD・DVD),,け
空き缶、空きびん、ペットボトル、廃食用油,化粧品のびん,きれいに洗う汚れが取れない場合は埋立ごみへ,け
プラスチック製容器包装,化粧品の容器 [プラ]マークがついている,,け
可燃ごみ,化粧品の容器 [プラ]マークがついていない,,け
金物・小型電化製品、有害ごみ,血圧計 電池式)、電気式,電池は有害ごみへ,け
有害ごみ,血圧計 水銀を含む,,け
可燃ごみ,剣道の防具 甲手)、垂れ,,け
埋立ごみ,剣道の防具 胴,,け
金物・小型電化製品、有害ごみ,剣道の防具 面,,け
金物・小型電化製品、有害ごみ,鍵盤ハーモニカ,,け
埋立ごみ,碁石,,こ
可燃ごみ,碁盤,大きさに注意,こ
可燃ごみ,ゴーグル(水中),,こ
金物・小型電化製品、有害ごみ,コーヒーメーカー 金属の部分,分別する,こ
可燃ごみ,コーヒーメーカー プラスチック製の部分,,こ
埋立ごみ,コーヒーメーカー ガラス製の部分,,こ
可燃ごみ,ゴキブリ駆除用容器,,こ
可燃ごみ,ござ 畳表・ビニール製,大きさに注意、50cm以内に切る,こ
可燃ごみ,こたつ 木製・プラスチック製の部分,分別する、大きさに注意,こ
金物・小型電化製品、有害ごみ,こたつ 金属の部分,分別する、大きさに注意,こ
可燃ごみ,こたつ(天板),大きさに注意、金属部分は金物・小型電化製品へ,こ
可燃ごみ,ゴム製品,,こ
可燃ごみ,ゴムホース,50cm以内に切る、切れない場合は収集券を貼って埋立ごみの日に出す,こ
可燃ごみ,米びつ プラスチック製,大きさに注意,こ
金物・小型電化製品、有害ごみ,米びつ 金属製,大きさに注意,こ
金物・小型電化製品、有害ごみ,コルセット 金属製の部分,分別する,こ
可燃ごみ,コルセット 金属製以外の部分,分別する,こ
金物・小型電化製品、有害ごみ,ゴルフクラブ,,こ
金物・小型電化製品、有害ごみ,ゴルフバッグ,大きさに注意,こ
埋立ごみ,ゴルフボール,,こ
埋立ごみ,コンパクト(ファンデーションケース) 鏡の部分,分別する,こ
プラスチック製容器包装,コンパクト(ファンデーションケース) [プラ]マークがついている,,こ
可燃ごみ,コンパクト(ファンデーションケース) プラスチック製で[プラ]マークがついていない,,こ
金物・小型電化製品、有害ごみ,コンパクト(ファンデーションケース) 金属製,,こ
可燃ごみ,梱包用バンド,50cm以内に切る,こ
埋立ごみ,サーフボード,大きさに注意,さ
可燃ごみ,座椅子 木製,大きさに注意,さ
金物・小型電化製品、有害ごみ,座椅子 金属製,大きさに注意,さ
可燃ごみ,座椅子 プラスチック製,指定袋に入らない大きさで120cm×50cm×30cm以内のものは収集券を貼って埋立ごみの日に出す,さ
可燃ごみ,裁縫箱 木・籐製・プラスチック製,,さ
可燃ごみ,サインペン,,さ
可燃ごみ,酒パック,できるだけ酒屋のリサイクル回収へ,さ
空き缶、空きびん、ペットボトル、廃食用油,殺虫剤容器(燻煙式) 金属製,分別し、薬品が入っていた部分は埋立ごみへ,さ
プラスチック製容器包装,殺虫剤容器(燻煙式) [プラ]マークがついている,分別し、薬品が入っていた部分は埋立ごみへ,さ
可燃ごみ,殺虫剤容器(燻煙式) プラスチック製で[プラ]マークがついていない,分別し、薬品が入っていた部分は埋立ごみへ,さ
空き缶、空きびん、ペットボトル、廃食用油,殺虫剤容器(スプレー式),使い切り、穴を開けずに出す,さ
綿製・スポンジ製,座布団,可燃ごみ,さ
可燃ごみ,サポーター,,さ
可燃ごみ,ざる 竹製・プラスチック製,,さ
金物・小型電化製品、有害ごみ,ざる 金属製,,さ
金物・小型電化製品、有害ごみ,三角コーナー 金属製,,さ
可燃ごみ,三角コーナー プラスチック製,,さ
金物・小型電化製品、有害ごみ,サングラス 金属製,,さ
可燃ごみ,サングラス プラスチック製,,さ
埋立ごみ,サングラス ガラス製,,さ
可燃ごみ,シーツ,50cm以内に切る,し
可燃ごみ,シート(ビニールシート),50cm以内に切る,し
可燃ごみ,CD(ケースを含む),,し
可燃ごみ,地下足袋,,し
埋立ごみ,磁気マット,大きさに注意,し
埋立ごみ,磁石,,し
埋立ごみ,七輪,,し
収集不可,室外機(エアコン),家電リサイクル法による処分,し
可燃ごみ,湿布(シップ),フィルム(セロハン)も可燃ごみへ,し
金物・小型電化製品、有害ごみ,自転車 電動自転車,バッテリー(収集不可)は販売店等へ,し
金物・小型電化製品、有害ごみ,自転車 電動自転車以外,,し
収集不可,自動車・自動車部品,自動車リサイクル、販売店等へ,し
収集不可,シニアカー,販売店等へ,し
金物・小型電化製品、有害ごみ,芝刈り機,大きさに注意,し
可燃ごみ,シャープペンシル プラスチック製,,し
金物・小型電化製品、有害ごみ,シャープペンシル 金属製,,し
金物・小型電化製品、有害ごみ,ジャッキ,,し
可燃ごみ,シャベル(園芸用) プラスチック製,,し
金物・小型電化製品、有害ごみ,シャベル(園芸用) 金属製,,し
金物・小型電化製品、有害ごみ,シャワーヘッド 金属を含むもの,,し
金物・小型電化製品、有害ごみ,ジューサーミキサー 金属の部分,分別する,し
埋立ごみ,ジューサーミキサー ガラス製の部分,,し
可燃ごみ,じゅうたん,50cm以内に切る、切れない場合は自己搬入,し
金物・小型電化製品、有害ごみ,充電器,,し
可燃ごみ,収納ケース 紙製・プラスチック製,プラスチック製で、指定袋に入らない大きさで120cm×50cm×30cm以内のものは収集券を貼って埋立ごみの日に出す,し
金物・小型電化製品、有害ごみ,収納ケース 金属製,大きさに注意,し
可燃ごみ,朱肉,,し
金物・小型電化製品、有害ごみ,シュレッダー(家庭用) 電動・金属を含むもの,,し
可燃ごみ,シュレッダー(家庭用) プラスチック製,,し
収集不可,消火器,販売店か市内の特定窓口へ,し
可燃ごみ,定規 竹製・プラスチック製,,し
金物・小型電化製品、有害ごみ,定規 金属製,,し
空き缶、空きびん、ペットボトル、廃食用油,消臭剤 缶,使い切り、穴を開けずに出す,し
プラスチック製容器包装,消臭剤 [プラ]マークがついている,,し
可燃ごみ,消臭剤 プラスチック製で[プラ]マークがついていない,,し
金物・小型電化製品、有害ごみ,浄水器 金属製,,し
可燃ごみ,浄水器 プラスチック製,,し
可燃ごみ,浄水器のカートリッジ,,し
可燃ごみ,将棋(駒・盤) 木製・プラスチック製,大きさに注意,し
金物・小型電化製品、有害ごみ,じょうろ 金属製,,し
可燃ごみ,じょうろ プラスチック製,,し
可燃ごみ,食品保存容器 プラスチック製,,し
金物・小型電化製品、有害ごみ,食品保存容器 金属製,,し
空き缶、空きびん、ペットボトル、廃食用油,食用油の容器 缶,,し
プラスチック製容器包装,食用油の容器 [プラ]マークがついている,,し
可燃ごみ,食用油の容器 プラスチック製で[プラ]マークがついていない,,し
可燃ごみ,食用油の容器 紙製,,し
可燃ごみ,除湿剤 粉・粒状・ゼリー状,,し
プラスチック製容器包装,除湿剤の容器 [プラ]マークがついている,,し
可燃ごみ,除湿剤の容器 [プラ]マークがついていない,,し
可燃ごみ,人工芝,指定袋に入らない大きさで120cm×50cm×30cm以内のものは収集券を貼って埋立ごみの日に出す,し
可燃ごみ,水槽 プラスチック製,指定袋に入らない大きさで120cm×50cm×30cm以内のものは収集券を貼って埋立ごみの日に出す,す
埋立ごみ,水槽 ガラス製,大きさに注意,す
金物・小型電化製品、有害ごみ,水筒 金属製・ステンレス製,,す
可燃ごみ,水筒 プラスチック製,,す
金物・小型電化製品、有害ごみ,炊飯器,,す
金物・小型電化製品、有害ごみ,スーツケース,大きさに注意,す
金物・小型電化製品、有害ごみ,スキー板,大きさに注意,す
可燃ごみ,スキーウエア,,す
金物・小型電化製品、有害ごみ,スキー靴,,す
金物・小型電化製品、有害ごみ,スキーストック 金属製,大きさに注意,す
埋立ごみ,スキーストック カーボン製,大きさに注意,す
金物・小型電化製品、有害ごみ,スケート靴,,す
金物・小型電化製品、有害ごみ,スケートボード,,す
金物・小型電化製品、有害ごみ,スタンプ台 金属製,,す
可燃ごみ,スタンプ台 プラスチック製,,す
可燃ごみ,すだれ 竹製,大きさに注意,す
可燃ごみ,すだれ プラスチック製,指定袋に入らない大きさで120cmx50cm×30cm以内のものは収集券を貼って埋立ごみの日に出す,す
金物・小型電化製品、有害ごみ,ストーブ,燃料は販売店等へ、電池は有害ごみへ,す
可燃ごみ,ストッキング,,す
可燃ごみ,ストロー,,す
可燃ごみ,ストローの外袋 紙袋,,す
プラスチック製容器包装,ストローの外袋 プラスチック製,,す
埋立ごみ,砂(少量),大量の場合は自己搬入,す
金物・小型電化製品、有害ごみ,スノーボード,大きさに注意,す
可燃ごみ,すのこ 木製,大きさに注意,す
可燃ごみ,すのこ プラスチック製,指定袋に入らない大きさで120cm50cm×30cm以内のものは収集券を貼って埋立ごみの日に出す,す
金物・小型電化製品、有害ごみ,スピーカー,,す
金物・小型電化製品、有害ごみ,スプリングマット,大きさに注意,す
空き缶、空きびん、ペットボトル、廃食用油,スプレー缶,使い切り、穴を開けずに出す,す
可燃ごみ,すべり台 木製,大きさに注意,す
可燃ごみ,すべり台 プラスチック製,指定袋に入らない大きさで120cm50cm×30cm以内のものは収集券を貼って埋立ごみの日に出す,す
金物・小型電化製品、有害ごみ,すべり台 金属製の部分,大きさに注意,す
可燃ごみ,スポンジ,,す
可燃ごみ,スポンジマット,指定袋に入らない大きさで120cm50cm×30cm以内のものは収集券を貼って埋立ごみの日に出す,す
可燃ごみ,炭,,す
可燃ごみ,スリッパ,,す
金物・小型電化製品、有害ごみ,精米機(家庭用),大きさに注意,せ
可燃ごみ,せいろ 木製の部分,,せ
金物・小型電化製品、有害ごみ,せいろ 金属製の部分,,せ
可燃ごみ,せっけん,,せ
可燃ごみ,雪駄,,せ
埋立ごみ,せともの,,せ
埋立ごみ,セメント(少量),,せ
可燃ごみ,セロハン,,せ
プラスチック製容器包装,洗剤容器 [プラ]マークがついている,中身は使い切る,せ
可燃ごみ,洗剤容器 紙製,,せ
収集不可,洗濯機,家電リサイクル法による処分,せ
可燃ごみ,洗濯ネット,,せ
金物・小型電化製品、有害ごみ,洗濯ばさみ,分解できればプラスチック部分は可燃ごみへ,せ
金物・小型電化製品、有害ごみ,扇風機,,せ
可燃ごみ,洗面器 プラスチック製,,せ
金物・小型電化製品、有害ごみ,洗面器 金属製,,せ
可燃ごみ,造花 紙製・プラスチック製,,そ
金物・小型電化製品、有害ごみ,造花 茎が針金,,そ
金物・小型電化製品、有害ごみ,双眼鏡 金属製,,そ
埋立ごみ,双眼鏡 金属製以外,,そ
金物・小型電化製品、有害ごみ,掃除機,,そ
可燃ごみ,草履(ぞうり),,そ
プラスチック製容器包装,ソースの容器 [プラ]マークがついている,汚れが取れない場合は可燃ごみへ,そ
可燃ごみ,ソファー スプリングが入っていない,大きさに注意,そ
金物・小型電化製品、有害ごみ,ソファー スプリングが入ってる,大きさに注意,そ
金物・小型電化製品、有害ごみ,体温計 電池式,電池は有害ごみへ,た
有害ごみ,体温計 水銀を含む,,た
金物・小型電化製品、有害ごみ,体重計,,た
金物・小型電化製品、有害ごみ,大正琴,大きさに注意,た
可燃ごみ,台所マット,50cm以内に切る,た
収集不可,タイヤ(自動車用),販売店等へ,た
可燃ごみ,タイヤ(自転車用),,た
金物・小型電化製品、有害ごみ,タイヤチェーン(自動車用),,た
埋立ごみ,タイル,,た
可燃ごみ,たダウンジャケット,着用できるものはリサイクルへ,た
収集不可,畳,自己搬入のみ受入れ可(一度の搬入は20枚以内),た
可燃ごみ,卓球台 木製の部分,分別する、大きさに注意,た
金物・小型電化製品、有害ごみ,卓球台 金属製の部分,,た
可燃ごみ,脱酸素剤(食品乾燥剤),,た
プラスチック製容器包装,脱臭剤の容器 [プラ]マークがついている,中身は使い切る,た
可燃ごみ,脱臭剤の容器 [プラ]マークがついていない,中身は使い切る,た
プラスチック製容器包装,卵のパック,,た
可燃ごみ,たわし スポンジ,,た
金物・小型電化製品、有害ごみ,たわし 金属製・亀の子,,た
金物・小型電化製品、有害ごみ,チェーン 金属製,,ち
可燃ごみ,チェーン プラスチック製・ゴム製,,ち
収集不可,チェーンソー,自己搬入のみ受入れ可,ち
可燃ごみ,地球儀 紙・木・プラスチックの部分,分別する,ち
金物・小型電化製品、有害ごみ,地球儀 枠・心棒等金属部分,分別する,ち
金物・小型電化製品、有害ごみ,チャイルドシート,大きさに注意,ち
埋立ごみ,チャッカマン,中身は使い切る,ち
収集不可,注射針,販売店・病院へ,ち
可燃ごみ,チューブ(自転車用),口金部分は金物・小型電化製品へ,ち
プラスチック製容器包装,チューブ類(食料品、練り歯磨き等) [プラ]マークがついている,汚れが取れない場合は可燃ごみへ,ち
埋立ごみ,チューブ(金属製,中身は使い切る,ち
金物・小型電化製品、有害ごみ,彫刻刀,危なくないように紙などで包む,ち
空き缶、空きびん、ペットボトル、廃食用油,調味料の容器 「PET」マークがついている,中身を使いきって軽くすすぐ、フタは外し材質により分別して出す,ち
空きびん,調味料の容器 ガラスびん,中身を使いきって軽くすすぐ、フタは外し材質により分別して出す,ち
プラスチック製容器包装,調味料の容器 [プラ]マークがついている,中身を使いきって軽くすすぐ、フタは外し材質により分別して出す,ち
金物・小型電化製品、有害ごみ,ちり取り 金属製,,ち
可燃ごみ,ちり取り プラスチック製,,ち
埋立ごみ,使い捨てライター,中身は使い切る,つ
可燃ごみ,机 木製)、プラスチック製の部分,分別する、大きさに注意,つ
金物・小型電化製品、有害ごみ,机 金属製の部分,,つ
金物・小型電化製品、有害ごみ,爪切り,,つ
可燃ごみ,釣り糸,50cm以内に切る,つ
可燃ごみ,釣竿 竹製,50cm以内に切る,つ
埋立ごみ,釣竿 グラスファイバー製・カーボン製,120cm以内に切る,つ
金物・小型電化製品、有害ごみ,釣り用おもり 鉛,,つ
可燃ごみ,DVDディスク(ケースを含む),,て
金物・小型電化製品、有害ごみ,DVDデッキ・レコーダー,,て
埋立ごみ,テープカッター おもりがコンクリート,,て
金物・小型電化製品、有害ごみ,テープカッター おもりが金属,,て
可燃ごみ,デスクマット,50cm以内に切る,て
可燃ごみ,デッキブラシ 木製(柄)・ブラシの部分,分別する、50cm以内に切る,て
金物・小型電化製品、有害ごみ,デッキブラシ 金属製の部分(柄),分別する、120cm以内に切る,て
金物・小型電化製品、有害ごみ,鉄アレイ,,て
収集不可,テレビ,家電リサイクル法による処分,て
可燃ごみ,テレビ台 木製・プラスチック製,ガラスは埋立ごみへ、,て
金物・小型電化製品、有害ごみ,テレビ台 金属製,,て
金物・小型電化製品、有害ごみ,電気アンカ,,て
金物・小型電化製品、有害ごみ,電気カーペット,,て
金物・小型電化製品、有害ごみ,電気蚊とり器,,て
金物・小型電化製品、有害ごみ,電気カミソリ,電池は有害ごみへ,て
金物・小型電化製品、有害ごみ,電気コード,,て
金物・小型電化製品、有害ごみ,電気スタンド,電球は埋立ごみへ、蛍光管は有害ごみへ,て
金物・小型電化製品、有害ごみ,電気毛布,,て
埋立ごみ,電球,,て
金物・小型電化製品、有害ごみ,電飾,,て
金物・小型電化製品、有害ごみ,電子レンジ,,て
金物・小型電化製品、有害ごみ,天体望遠鏡,大きさに注意,て
金物・小型電化製品、有害ごみ,電卓,電池は有害ごみへ,て
有害ごみ,電池,,て
金物・小型電化製品、有害ごみ,電流計・電圧計,,て
可燃ごみ,テント(シート),50cm以内に切る,て
金物・小型電化製品、有害ごみ,電動式給油ポンプ,電池は有害ごみへ,て
金物・小型電化製品、有害ごみ,電話機(携帯電話以外),電池は有害ごみへ,て
埋立ごみ,砥(と)石,,と
可燃ごみ,トイレ用ブラシ,,と
埋立ごみ,陶器,,と
可燃ごみ,籐製品,長さ50cm以内で指定袋に入らない場合は収集券を貼って出す,と
金物・小型電化製品、有害ごみ,時計,電池は有害ごみへ,と
可燃ごみ,トタン プラスチック製,指定袋に入らない大きさで120cm×50cm×30cm以内のものは収集券を貼って埋立ごみの日に出す,と
埋立ごみ,トタン ガラス繊維入り,大きさに注意,と
金物・小型電化製品、有害ごみ,トタン 金属製,大きさに注意,と
埋立ごみ,土鍋,,と
収集不可,ドラム缶,自己搬入のみ受入れ可,と
金物・小型電化製品、有害ごみ,トランシーバー,電池は有害ごみへ,と
空き缶、空きびん、ペットボトル、廃食用油,塗料缶(空缶) 18リットル未満,中身は使い切る,と
金物・小型電化製品、有害ごみ,塗料缶(空缶) 18リットル以上,中身は使い切る,と
プラスチック製容器包装,トレイ [プラ]マークがついている,汚れを落とす,と
可燃ごみ,トレイ [プラ]マークがついていない,,と
可燃ごみ,トロフィー プラスチック製,,と
埋立ごみ,トロフィー ガラス製,,と
金物・小型電化製品、有害ごみ,ナイフ 金属製,危なくないように紙などで包む,な
可燃ごみ,ナイフ プラスチック製,,な
プラスチック製容器包装,苗木用ポット [プラ]マークがついている,洗って出す,な
可燃ごみ,苗木用ポット [プラ]マークがついていない,,な
可燃ごみ,長靴,,な
プラスチック製容器包装,納豆の容器,汚れが取れない場合は可燃ごみへ,な
可燃ごみ,納豆の容器 紙製,,な
金物・小型電化製品、有害ごみ,鍋,土鍋は埋立ごみへ,な
可燃ごみ,鍋しき 木)、フェルト製、シリコン製,,な
金物・小型電化製品、有害ごみ,鍋しき 金属製,,な
埋立ごみ,鍋しき 陶器,,な
金物・小型電化製品、有害ごみ,鍋のふた 金属製,,な
埋立ごみ,鍋のふた ガラス製,金属がついているものは金物・小型電化製品へ,な
金物・小型電化製品、有害ごみ,鉛,,な
可燃ごみ,人形 布)・木・プラスチック・スポンジ製,金属がついているものは金物・小型電化製品へ,に
埋立ごみ,人形 陶器製・粘土製,金属がついているものは金物・小型電化製品へ,に
金物・小型電化製品、有害ごみ,人形(ひな人形) 内部に金属を含むもの,,に
可燃ごみ,人形ケース 木製・プラスチック製の部分,分別する、大きさに注意,に
埋立ごみ,人形ケース ガラス製の部分,,に
可燃ごみ,ぬいぐるみ 綿製・スポンジ製,大きさに注意,ぬ
可燃ごみ,ネガフィルム,,ね
可燃ごみ,猫砂 紙製・木製,,ね
埋立ごみ,猫砂 砂製,,ね
可燃ごみ,ネズミとり 粘着テープ式,,ね
金物・小型電化製品、有害ごみ,ネズミとり 金属かご,,ね
可燃ごみ,ネット(サッカーボール等),50cm以内に切る,ね
可燃ごみ,ネット(洗濯用),,ね
プラスチック製容器包装,ネット(果物・野菜),,ね
可燃ごみ,寝袋,50cm以内に切る,ね
埋立ごみ,粘土,,ね
収集不可,農機具,販売店等へ,の
収集不可,農業用のタンク(貯水、消毒用),販売店等へ,の
収集不可,農業用ビニール,販売店等へ,の
収集不可,農薬,販売店等へ,の
埋立ごみ,農薬のびん,,の
金物・小型電化製品、有害ごみ,のこぎり,危なくないように紙などで包む,の
金物・小型電化製品、有害ごみ,ハーモニカ,,は
埋立ごみ,灰(少量),水にぬらす,は
収集不可,廃油(灯油・ガソリン・オイル等),販売店等へ,は
可燃ごみ,バインダー 紙製・プラスチック製の部分,分別する,は
金物・小型電化製品、有害ごみ,バインダー 金属製の部分,分別する,は
金物・小型電化製品、有害ごみ,はかり(料理用),,は
埋立ごみ,白熱灯,,は
金物・小型電化製品、有害ごみ,バケツ 金属製,,は
可燃ごみ,バケツ プラスチック製,,は
金物・小型電化製品、有害ごみ,はさみ,危なくないように紙などで包む,は
可燃ごみ,はしご 木製,大きさに注意,は
金物・小型電化製品、有害ごみ,はしご 金属製,,は
金物・小型電化製品、有害ごみ,バスポンプ,,は
可燃ごみ,バスマット,50cm以内に切る,は
拠点回収,パソコン,回収ボックス又はPCリサイクルによる処分,は
収集不可,発電機,販売店等へ、大きさにより自己搬入のみ受入れ可能な場合あり:中遠広域粗大ごみ処理施設へ要問合せ,は
収集不可,バッテリー,販売店等へ,は
可燃ごみ,バット 木製,50cm以内に切る,は
埋立ごみ,バット カーボン製,,は
金物・小型電化製品、有害ごみ,バット 金属製,,は
プラスチック製容器包装,発泡スチロール容器(緩衝材含む),汚れているものは袋に入る大きさに砕き可燃ごみへ,は
可燃ごみ,発泡ビーズ(粒状・まゆ状),,は
可燃ごみ,花かご(葬祭用) 籐製・プラスチック製,大きさに注意、できるだけ販売店等へ,は
可燃ごみ,花火,水にぬらす,は
金物・小型電化製品、有害ごみ,パネルヒーター,,は
布製・スポンジ製,パフ,可燃ごみ,は
可燃ごみ,歯ブラシ,,は
可燃ごみ,バラン,,は
金物・小型電化製品、有害ごみ,針,危なくないように紙などで包む,は
金物・小型電化製品、有害ごみ,針金,,は
金物・小型電化製品、有害ごみ,針金入り結束バンド,,は
収集不可,パレット(フォークリフト用) 材質問わず,産業廃棄物処理業者へ,は
可燃ごみ,ハンガー 木製・プラスチック製,金属のフック等がついているものは金物・小型電化製品へ,は
プラスチック製容器包装,ハンガー [プラ]マークがついている,,は
金物・小型電化製品、有害ごみ,ハンガー 金属製,,は
可燃ごみ,絆創膏(ばんそうこう),,は
金物・小型電化製品、有害ごみ,パンチ(穴開け用),,は
可燃ごみ,ハンドバッグ,金属部分は金物・小型電化製品へ,は
収集不可,ピアノ,販売店等へ(電子ピアノは自己搬入のみ受入れ可、中遠広域粗大ごみ処理施設へ),ひ
金物・小型電化製品、有害ごみ,ビーチパラソル,大きさに注意,ひ
可燃ごみ,PPバンド(結束用),50cm以内に切る,ひ
空き缶、空きびん、ペットボトル、廃食用油,ビールびん,できるだけ販売店や酒屋の回収へ,ひ
金物・小型電化製品、有害ごみ,ひげ剃り,,ひ
可燃ごみ,ピッチャー(水差し) プラスチック製,,ひ
金物・小型電化製品、有害ごみ,ピッチャー(水差し) 金属製,,ひ
金物・小型電化製品、有害ごみ,ビデオカメラ,電池は有害ごみへ、バッテリーは販売店等へ,ひ
可燃ごみ,ビデオテープ(ケースを含む),,ひ
可燃ごみ,ビニールシート,50cm以内に切る、切れない場合は束ねて収集券を貼り埋立ごみの日に出す,ひ
可燃ごみ,ビニールテープ,,ひ
可燃ごみ,ビニールパイプ,,ひ
可燃ごみ,ビニールホース,,ひ
プラスチック製容器包装,肥料袋(家庭菜園用) [プラ]マークがついている,汚れが落ちないものは可燃ごみへ,ひ
金物・小型電化製品、有害ごみ,ピンチハンガー,,ひ
金物・小型電化製品、有害ごみ,ピン止め 金属製,,ひ
可燃ごみ,ピン止め プラスチック製,,ひ
可燃ごみ,ピンポン玉,,ひ
可燃ごみ,ファイル プラスチック製の部分,分別する,ふ
金物・小型電化製品、有害ごみ,ファイル 金属製の部分,分別する,ふ
金物・小型電化製品、有害ごみ,ファスナー 金属製,,ふ
可燃ごみ,ファスナー プラスチック製,,ふ
金物・小型電化製品、有害ごみ,ファンヒーター,燃料は販売店等へ、電池は有害ごみへ,ふ
金物・小型電化製品、有害ごみ,ブースターケーブル(自動車用),,ふ
金物・小型電化製品、有害ごみ,フォーク 金属製,,ふ
可燃ごみ,フォーク プラスチック製,,ふ
可燃ごみ,服 革製品を含む,着用できるものはリサイクルへ,ふ
可燃ごみ,不織布,50cm以内に切る,ふ
空き缶、空きびん、ペットボトル、廃食用油,蓋(フタ) ボトル缶のフタ,,ふ
プラスチック製容器包装,蓋(フタ) [プラ]マークがついている,,ふ
金物・小型電化製品、有害ごみ,蓋(フタ) 金属製,,ふ
埋立ごみ,蓋(フタ) 耐熱ガラス,,ふ
可燃ごみ,仏壇,大きさに注意,ふ
可燃ごみ,ふとん,50cm以内に切る,ふ
可燃ごみ,ふとんカバー,50cm以内に切る,ふ
金物・小型電化製品、有害ごみ,ふとん乾燥機,,ふ
可燃ごみ,布団ケース(布団袋) 布製・ビニール製,,ふ
金物・小型電化製品、有害ごみ,ふとん干しバサミ,,ふ
可燃ごみ,ブラインド プラスチック製,指定袋に入らない大きさで120cm×50cm×30cm以内のものは収集券を貼って埋立ごみの日に出す,ふ
金物・小型電化製品、有害ごみ,ブラインド 金属製,,ふ
可燃ごみ,プラモデル,50cm以内に分解する、金属部分は金物・小型電化製品へ,ふ
可燃ごみ,プランター 木製,長さ50cm以内で指定袋に入らない場合は収集券を貼って出す,ふ
可燃ごみ,プランター プラスチック製,指定袋に入らない大きさで120cm×50cm×30cm以内のものは収集券を貼って埋立ごみの日に出す,ふ
金物・小型電化製品、有害ごみ,プランター 金属製,,ふ
埋立ごみ,プランター 陶器・石製,,ふ
金物・小型電化製品、有害ごみ,プリンター(家庭用),,ふ
可燃ごみ,風呂敷 布製,,ふ
プラスチック製容器包装,風呂敷 [プラ]マークがついている,,ふ
可燃ごみ,風呂敷 [プラ]マークがついていない,,ふ
埋立ごみ,ブロック(少量),大量の場合は自己搬入,ふ
金物・小型電化製品、有害ごみ,フロッピーディスク,,ふ
可燃ごみ,風呂のふた 木製・プラスチック製,プラスチック製で、指定袋に入らない大きさで120cm×50cm×30cm以内のものは収集券を貼って埋立ごみの日に出す,ふ
収集不可,プロパンガスボンベ,販売店等へ,ふ
可燃ごみ,風呂マット,50cm以内に切る,ふ
可燃ごみ,噴霧器 プラスチック製,金属部分は取り外し金物・小型電化製品へ,ふ
金物・小型電化製品、有害ごみ,噴霧器 金属製,,ふ
空き缶、空きびん、ペットボトル、廃食用油,ヘアースプレー,使い切り、穴を開けずに出す,へ
プラスチック製容器包装,ヘアースプレー [プラ]マークがついている,,へ
可燃ごみ,ヘアーブラシ,,へ
可燃ごみ,ベッド(枠) 木製,,へ
金物・小型電化製品、有害ごみ,ベッド(枠) 金属製,,へ
可燃ごみ,ベッド(マットレス) スプリングが入っていない,大きさに注意,へ
金物・小型電化製品、有害ごみ,ベッド(マットレス) スプリングが入っている,大きさに注意,へ
空き缶、空きびん、ペットボトル、廃食用油,ペットボトル(飲料用・醤油等) 「PET」マークがついている,ラベルフィルムはなるべく外してプラスチック製容器包装へ。工作等で使用したものは可燃ごみへ,へ
プラスチック製容器包装,ペットボトルのキャップ,エコキャップ回収店へも出せます,へ
金物・小型電化製品、有害ごみ,ヘッドフォン,,へ
金物・小型電化製品、有害ごみ,ベビーカー,大きさに注意,へ
可燃ごみ,ベビーバス,指定袋に入らない大きさで120cm×50cm×30cm以内のものは収集券を貼って埋立ごみの日に出す,へ
金物・小型電化製品、有害ごみ,ベルト 金属製の部分,分別する、50cm以内に切る,へ
可燃ごみ,ベルト 金属製以外の部分,分別する、50cm以内に切る,へ
埋立ごみ,ヘルメット,,へ
可燃ごみ,便器 プラスチック製,指定袋に入らない大きさで120cm×50cm×30cm以内のものは収集券を貼って埋立ごみの日に出す,へ
埋立ごみ,便器 陶器製,,へ
収集不可,ペンキ,販売店等へ,へ
埋立ごみ,ペンキのかたまり,家庭で作業したものに限る,へ
可燃ごみ,便座 電気式以外,指定袋に入らない大きさで120cm×50cm×30cm以内のものは収集券を貼って埋立ごみの日に出す,へ
金物・小型電化製品、有害ごみ,便座 電気式,,へ
可燃ごみ,便座カバー,,へ
金物・小型電化製品、有害ごみ,弁当箱 金属製,,へ
可燃ごみ,弁当箱 プラスチック製・木製,,へ
金物・小型電化製品、有害ごみ,望遠鏡,大きさに注意,ほ
可燃ごみ,ほうき 竹・しゅろ・プラ製,,ほ
空き缶、空きびん、ペットボトル、廃食用油,芳香剤 金属製,中身は使い切る、プラスチック製で[プラ]マークがついていないものは可燃ごみへ,ほ
埋立ごみ,芳香剤 陶器製,中身は使い切るプラスチック製で[プラ]マークがついていないものは可燃ごみへ,ほ
プラスチック製容器包装,芳香剤 [プラ]マークがついている,中身は使い切るプラスチック製で[プラ]マークがついていないものは可燃ごみへ,ほ
空き缶、空きびん、ペットボトル、廃食用油,防水スプレー,使い切り、穴を開けずに出す,ほ
可燃ごみ,防虫剤(洋服ダンス用),,ほ
金物・小型電化製品、有害ごみ,包丁,危なくないように紙などで包む,ほ
金物・小型電化製品、有害ごみ,包丁砥ぎ器 電気式,,ほ
金物・小型電化製品、有害ごみ,ボウル(調理用) 金属製,,ほ
可燃ごみ,ボウル(調理用) プラスチック製,,ほ
埋立ごみ,ボウル(調理用) ガラス製,,ほ
可燃ごみ,ホース,50cm以内に切る、切れない場合は束ねて収集券を貼り埋立ごみの日に出す,ほ
可燃ごみ,ポータブルトイレ プラスチック製,指定袋に入らない大きさで120cm×50cm×30cm以内のものは収集券を貼って埋立ごみの日に出す,ほ
可燃ごみ,ボール サッカー、ソフト、テニス,その他のボールについては、ごみ対策課へお問い合わせください,ほ
埋立ごみ,ボール ゴルフ、ボーリング、硬式野球,その他のボールについては、ごみ対策課へお問い合わせください,ほ
可燃ごみ,ボールペン プラスチック製,,ほ
金物・小型電化製品、有害ごみ,ボールペン 金属製,,ほ
金物・小型電化製品、有害ごみ,ホーローなべ,,ほ
プラスチック製容器包装,墨汁の容器 [プラ]マークがついている,汚れが落ちないものは可燃ごみへ,ほ
可燃ごみ,墨汁の容器 [プラ]マークがついていない,,ほ
金物・小型電化製品、有害ごみ,歩行器,大きさに注意,ほ
有害ごみ,ボタン電池,,ほ
金物・小型電化製品、有害ごみ,ポット 金属製・電気式,,ほ
埋立ごみ,ポット ガラス製,,ほ
金物・小型電化製品、有害ごみ,ホットカーペット,たたんで縛る,ほ
金物・小型電化製品、有害ごみ,ホットプレート,,ほ
可燃ごみ,哺乳びん プラスチック製,,ほ
埋立ごみ,哺乳びん ガラス製,,ほ
可燃ごみ,ポリタンク,指定袋に入らない大きさで120cm×50cm×30cm以内のものは収集券を貼って埋立ごみの日に出す,ほ
プラスチック製容器包装,ポリ袋 [プラ]マークがついている,結ぶ,ほ
可燃ごみ,ポリ袋 [プラ]マークがついていない,結ぶ,ほ
収集不可,保冷庫 電気式,家電リサイクル法により処分,ほ
可燃ごみ,保冷剤,,ほ
可燃ごみ,本箱 木製・プラスチック製,プラスチック製で指定袋に入らない大きさで120cm×50cm×30cm以内のものは収集券を貼って埋立ごみの日に出す,ほ
金物・小型電化製品、有害ごみ,本箱 金属製,,ほ
可燃ごみ,マージャンパイ,,ま
金物・小型電化製品、有害ごみ,マウス(パソコン),,ま
埋立ごみ,マグネット,,ま
可燃ごみ,まくら 綿・そば殻・スポンジ製,,ま
可燃ごみ,マジックインキ・ペン プラスチック製,,ま
金物・小型電化製品、有害ごみ,マジックインキ・ペン 金属製,,ま
埋立ごみ,マジックインキ・ペン ガラス製,,ま
可燃ごみ,マジックテープ,,ま
可燃ごみ,マスク,,ま
金物・小型電化製品、有害ごみ,マッサージ機,電池は有害ごみへ、大きさに注意,ま
可燃ごみ,マッチ,水でぬらす。(大量にある場合はクリーンセンターへ相談を),ま
可燃ごみ,マットレス スプリングが入っていない,指定袋に入らない大きさで120cm×50cm×30cm以内のものは収集券を貼って埋立ごみの日に出す,ま
金物・小型電化製品、有害ごみ,マットレス スプリングが入っている,大きさに注意,ま
可燃ごみ,まな板 木製・プラスチック製,,ま
可燃ごみ,マニキュアの容器 ガラス製以外,,ま
埋立ごみ,マニキュアの容器 ガラス製,,ま
可燃ごみ,マフラー(襟巻き),,ま
可燃ごみ,万年筆 プラスチック製,,ま
金物・小型電化製品、有害ごみ,万年筆 金属製,,ま
金物・小型電化製品、有害ごみ,万歩計,電池は有害ごみへ,ま
金物・小型電化製品、有害ごみ,ミシン,大きさに注意,み
金物・小型電化製品、有害ごみ,水さし 金属製,,み
可燃ごみ,水さし プラスチック製,,み
埋立ごみ,水さし ガラス製,,み
金物・小型電化製品、有害ごみ,ミニカー(玩具) 金属製,,み
可燃ごみ,ミニカー(玩具) プラスチック製,,み
可燃ごみ,虫かご プラスチック製,,む
可燃ごみ,虫めがね プラスチック製,,む
埋立ごみ,虫めがね ガラス製,,む
金物・小型電化製品、有害ごみ,名刺入れ 金属製,,め
可燃ごみ,名刺入れ プラスチック・革製,,め
可燃ごみ,メガネ プラスチック製,,め
埋立ごみ,メガネ ガラス製,,め
金物・小型電化製品、有害ごみ,メガネ 金属製,,め
金物・小型電化製品、有害ごみ,目薬の容器 金属製,使い切る,め
プラスチック製容器包装,目薬の容器 [プラ]マークがついている,,め
金物・小型電化製品、有害ごみ,メジャー(巻尺・コンベックス) 金属製,,め
可燃ごみ,メジャー(巻尺・コンベックス) ビニール製,,め
金物・小型電化製品、有害ごみ,メモリーカード,,め
金物・小型電化製品、有害ごみ,餅つき機,,も
可燃ごみ,モップ 木製,長さ50cm以内で指定袋に入らない場合は収集券を貼って出す,も
可燃ごみ,モップ プラスチック製,指定袋に入らない大きさで120cm×50cm×30cm以内のものは収集券を貼って埋立ごみの日に出す,も
金物・小型電化製品、有害ごみ,モップ 金属製,,も
可燃ごみ,物干し竿 竹製,長さ50cm以内で指定袋に入らない場合は収集券を貼って出す,も
可燃ごみ,物干し竿 プラスチック製,指定袋に入らない大きさで120cm×50cm×30cm以内のものは収集券を貼って埋立ごみの日に出す,も
金物・小型電化製品、有害ごみ,物干し竿 金属製,大きさに注意,も
金物・小型電化製品、有害ごみ,物干し台 金属製の部分,分別する,も
埋立ごみ,物干し台 コンクリート製の部分,分別する,も
金物・小型電化製品、有害ごみ,やかん,,や
可燃ごみ,野菜くず,,や
可燃ごみ,ヤッケ,,や
金物・小型電化製品、有害ごみ,湯たんぽ 金属製,,ゆ
可燃ごみ,湯たんぽ プラスチック製,,ゆ
金物・小型電化製品、有害ごみ,USBメモリー,,ゆ
金物・小型電化製品、有害ごみ,湯沸かし器,電池は有害ごみへ,ゆ
可燃ごみ,よしず,大きさに注意、50cm以内に切る,よ
金物・小型電化製品、有害ごみ,ライター 金属製,中身は使い切ってガスを抜く,ら
埋立ごみ,ライター プラスチック製,,ら
埋立ごみ,ライター(使い捨て),,ら
可燃ごみ,ラケット 木製,,ら
埋立ごみ,ラケット カーボン製,,ら
金物・小型電化製品、有害ごみ,ラケット 金属製,,ら
金物・小型電化製品、有害ごみ,ラジオ・ラジカセ,電池は有害ごみへ,ら
金物・小型電化製品、有害ごみ,ラジコン,電池は有害ごみへ,ら
プラスチック製容器包装,ラップ 購入した商品を包んでいたもの,汚れが取れない場合は可燃ごみへ,ら
可燃ごみ,ラップ 家庭で使用したもの,,ら
可燃ごみ,ラップの箱・芯・刃 箱・芯,できるだけ雑がみとして資源回収へ,ら
金物・小型電化製品、有害ごみ,ラップの箱・芯・刃 刃の部分(金属製),,ら
可燃ごみ,ラップの箱・芯・刃 刃の部分(プラスチック製),,ら
可燃ごみ,ラティス 木製,長さ50cm以内で指定袋に入らない場合は収集券を貼って出す,ら
可燃ごみ,ラティス プラスチック製,指定袋に入らない大きさで120cm×50cm×30cm以内のものは収集券を貼って埋立ごみの日に出す,ら
可燃ごみ,ランチジャー プラスチック製,,ら
金物・小型電化製品、有害ごみ,ランチジャー 金属製,,ら
金物・小型電化製品、有害ごみ,ランドセル,,ら
金物・小型電化製品、有害ごみ,リール(釣り用),,り
金物・小型電化製品、有害ごみ,リップクリームの容器 金属製,中身は使い切る,り
プラスチック製容器包装,リップクリームの容器 [プラ]マークがついている,中身は使い切る,り
金物・小型電化製品、有害ごみ,リモコン,電池は有害ごみへ,り
可燃ごみ,リュックサック,,り
収集不可,冷蔵庫・冷凍庫(車載用含む),家電リサイクル法による処分,れ
可燃ごみ,レコード盤,,れ
プラスチック製容器包装,レジ袋 [プラ]マークがついている,結ぶ,れ
可燃ごみ,レジ袋 [プラ]マークがついていない,結ぶ,れ
可燃ごみ,レジャーシート,50cm以内に切る,れ
プラスチック製容器包装,レトルトパック,汚れが取れない場合は可燃ごみへ,れ
埋立ごみ,レンガ,,れ
可燃ごみ,れんげ 木製・プラスチック製,,れ
埋立ごみ,れんげ せともの,,れ
可燃ごみ,ローソク,,ろ
可燃ごみ,ロープ 布製・ビニール製,50cm以内に切る,ろ
金物・小型電化製品、有害ごみ,ローラースケート,,ろ
金物・小型電化製品、有害ごみ,ワープロ,電池は有害ごみへ,わ
金物・小型電化製品、有害ごみ,ワイヤーロープ,,わ
収集不可,ワインセラー,家電リサイクル法による処分,わ
可燃ごみ,輪ゴム,,わ
空き缶、空きびん、ペットボトル、廃食用油,ワックスの容器 金属製,中身は使い切って拭き取る,わ
プラスチック製容器包装,ワックスの容器 [プラ]マークがついている,汚れが取れない場合は可燃ごみへ,わ